id,predicted
t3_n277r2,2.551618352532387
t3_n28j15,4.875918805599213
t3_n294h6,3.6120169401168822
t3_n29bek,4.724458992481232
t3_n2bjwy,4.152588645617167
t3_n2c6zi,4.8759119510650635
t3_n2c9c8,3.35286146402359
t3_n2eqpj,4.348144817352295
t3_n2eys8,3.063261538743973
t3_n2fxx1,4.433461856842041
t3_n2gxjn,3.5252471685409548
t3_n2hz40,3.448214173316956
t3_n2jf50,4.704306483268738
t3_n2krya,3.5535935759544373
t3_n2l0a3,4.424691867828369
t3_n2l5qi,4.846196842193605
t3_n2m2km,3.506385862827301
t3_n2ngqw,3.789479160308838
t3_n2ooiu,4.847064097722372
t3_n2pjvx,4.870966275533041
t3_n2pnqy,4.630071957906088
t3_n2q3x5,2.9587421019872027
t3_n2slwf,3.5550326347351078
t3_n2tm9u,4.286366367340088
t3_n2to6d,4.072789669036865
t3_n2uaw6,3.157690978050232
t3_n2upje,3.317491948604584
t3_n2xrc5,4.476458024978638
t3_n2xuk5,3.130905532836914
t3_n2yhgh,3.0025749603907266
t3_n2zieo,4.04618755976359
t3_n30rfe,3.3687044382095337
t3_n30w7u,4.028357903162638
t3_n31m3v,3.9329615592956544
t3_n32uyo,2.78407244682312
t3_n33b65,4.023884391784668
t3_n34b7f,4.025489568710327
t3_n34zym,4.130093336105347
t3_n36ryd,2.986463809013366
t3_n37c64,4.347162842750549
t3_n39y34,4.103926086425782
t3_n3aibv,2.951313233375549
t3_n3bzn5,2.360886430740356
t3_n3dt6i,4.111816585063934
t3_n3fjee,4.891345691680909
t3_n3hkqj,2.603563318649928
t3_n3hlon,3.405300235748291
t3_n3hou0,2.967017610867818
t3_n3iv62,4.885258960723877
t3_n3izf1,4.6397417068481435
t3_n3lrzw,4.883048176765442
t3_n3lvc6,4.881307125091553
t3_n3oqs4,2.2213297367095945
t3_n3px6x,3.961269187927246
t3_n3qmwc,2.0696325302124023
t3_n3t7ne,4.835731697082521
t3_n3ta6a,3.948074281215668
t3_n3tabv,4.246011197566986
t3_n3ts52,4.812467992305756
t3_n3u0df,4.323920011520386
t3_n3u6q6,2.927809774875641
t3_n3ubot,2.7845609188079834
t3_n3uqtr,4.034748554229736
t3_n3uvc2,4.471763658523559
t3_n3v98k,4.824663972854614
t3_n3vifz,4.164343786239624
t3_n3wgni,3.9954275608062746
t3_n3y6is,4.572237205505372
t3_n3ze0m,4.164922773838043
t3_n409it,4.892373005549112
t3_n40jnm,4.238738536834717
t3_n423cq,3.9786339600880942
t3_n42s6g,2.723308602968852
t3_n437ei,4.418188611666361
t3_n4474a,4.321776429812113
t3_n45tdk,4.891272306442261
t3_n46mno,3.78662656545639
t3_n47a81,3.677378445863724
t3_n47ukb,3.1315301418304444
t3_n4afcb,4.577513615290324
t3_n4bqtr,4.044239139556884
t3_n4bwce,3.176004648208618
t3_n4cgp2,3.158608098824819
t3_n4ckmm,1.943719482421875
t3_n4ezdg,2.9108541806538897
t3_n4gatd,3.365134286880493
t3_n4hwfj,3.5910449504852293
t3_n4i27b,3.398459029197693
t3_n4mzqn,3.847667694091797
t3_n4nx7l,2.5612363070249557
t3_n4okn7,4.890182590484619
t3_n4tjym,2.8677064180374146
t3_n4uhxh,3.15522637963295
t3_n4vguw,4.516943407058716
t3_n4vj43,3.9256839752197266
t3_n4wk7t,4.10332989692688
t3_n4x17g,3.083371341228485
t3_n4xr3p,4.13334321975708
t3_n4zdog,2.982630228996277
t3_n50fw2,4.015731382369995
t3_n517oo,4.138647874196371
t3_n5236m,4.0785657405853275
t3_n53wgo,3.2480592489242555
t3_n56iuy,3.0485604763031007
t3_n56ycp,3.3606634736061096
t3_n5bvh6,4.669467270374298
t3_n5d7w5,4.088660144805909
t3_n5dq5y,4.876714110374451
t3_n5f2vc,4.713604807853699
t3_n5h885,4.053889274597168
t3_n5hq4o,4.3077198664347325
t3_n5jaqf,4.29909078280131
t3_n5jt0j,3.7978392094373703
t3_n5jtq0,3.199432253837585
t3_n5k4be,4.032611012458801
t3_n5kj5k,2.800194203853607
t3_n5lsvt,3.879373836517334
t3_n5n5bl,3.175236682097117
t3_n5nk9m,4.487990299860636
t3_n5onpi,4.614061037699381
t3_n5oplg,3.8915008505185447
t3_n5opqp,4.15959390004476
t3_n5uzqt,3.6394816040992737
t3_n5v7qu,4.1313084125518795
t3_n5vfcn,2.390046089887619
t3_n5vpg4,4.450598299503326
t3_n5x71g,2.9624000787734985
t3_n5xvke,2.5914261817932127
t3_n5zlrp,4.3528571128845215
t3_n606d2,4.188434561093649
t3_n61dg1,4.354820966720581
t3_n63tv5,3.340210646390915
t3_n648vd,2.898379921913147
t3_n64rbi,3.492085790634156
t3_n65edy,4.235220233599344
t3_n65sbv,4.617276668548584
t3_n66143,4.417057394981384
t3_n66hp7,4.164531469345093
t3_n676k7,4.855003178119659
t3_n68022,4.191694390773773
t3_n68b14,3.452420687675476
t3_n68itk,3.756616258621216
t3_n6apnw,3.72516188621521
t3_n6ara3,4.192418257395426
t3_n6bk51,4.84341139793396
t3_n6bl4d,3.607424954573313
t3_n6d5t3,3.9734708070755005
t3_n6g6g2,3.3230482935905457
t3_n6jlsm,4.694576835632324
t3_n6kdpv,4.858736991882324
t3_n6m13k,4.394792159398397
t3_n6nxhr,4.879095077514648
t3_n6o1a1,3.793410619099935
t3_n6t317,3.5784000396728515
t3_n6tejj,4.789229114850361
t3_n6wx2v,3.334868597984314
t3_n6xi7s,4.552204179763794
t3_n6xptv,4.519620180130005
t3_n6zpyb,3.205776262283325
t3_n72hyw,2.9118722081184387
t3_n7323y,4.400260353088379
t3_n73zco,4.229951238632202
t3_n74o71,2.835958456993103
t3_n775mo,4.122795343399048
t3_n79kcj,4.098618467648825
t3_n79lyz,4.020660686492921
t3_n7a19o,3.526725987593333
t3_n7ajgf,2.626093953847885
t3_n7bhb9,3.546111822128296
t3_n7bxuk,3.602561712265014
t3_n7cquv,3.5529634237289427
t3_n7eea4,3.004206252098084
t3_n7fb7m,2.6198828339576723
t3_n7g1wp,4.691350936889648
t3_n7ivi1,4.8876195430755605
t3_n7j22h,4.369218945503235
t3_n7jhix,4.611907482147217
t3_n7k53d,4.4561790227890015
t3_n7mhjq,4.695908689498901
t3_n7qket,3.061965298652649
t3_n7r8bt,4.206935524940491
t3_n7vkqx,4.0013206005096436
t3_n7vulc,4.237331986427307
t3_n7web5,2.3230228225390115
t3_n7wflb,3.370161533355713
t3_n7xd0v,3.23841937383016
t3_n7xpag,3.4989726146062217
t3_n7ytrc,3.6963812708854675
t3_n7z2y5,3.868185377120972
t3_n7zcee,3.1766966780026755
t3_n81fss,3.8208712339401245
t3_n82yae,3.1030569672584534
t3_n847lb,3.7566796938578286
t3_n862i4,4.465404367446899
t3_n862v1,4.328951756159464
t3_n86ppa,3.646555614471436
t3_n87r73,2.8414274255434675
t3_n89wq7,2.1151120543479918
t3_n8bws9,4.203675889968872
t3_n8ckhj,2.9446983337402344
t3_n8cqe7,2.199234440922737
t3_n8d2ht,4.5012189745903015
t3_n8dqxr,2.6933069229125977
t3_n8ds0j,4.884645462036133
t3_n8dvyv,3.8070515990257263
t3_n8e6g2,3.26954984664917
t3_n8eqsw,3.573045790195465
t3_n8ge6e,2.3754047751426697
t3_n8ia9y,4.882327890396118
t3_n8idgo,4.750291728973389
t3_n8jcbq,2.294985443353653
t3_n8jf5b,2.626331639289856
t3_n8jqt0,2.971037220954895
t3_n8jw4r,4.140289723873138
t3_n8k4px,3.520685911178589
t3_n8lfo3,3.9982719898223875
t3_n8m1gf,4.889250087738037
t3_n8mzq3,3.3919198751449584
t3_n8ner0,2.4831467121839523
t3_n8on83,3.5870147705078126
t3_n8p2v6,4.179532444477081
t3_n8pcgk,4.019519567489624
t3_n8piee,3.5771334886550905
t3_n8q2hv,3.767315530776977
t3_n8ru2z,3.705209294954936
t3_n8tcoa,4.16044511795044
t3_n8ti37,2.4212366938591003
t3_n8tspe,4.861690282821655
t3_n8u49m,4.2855753898620605
t3_n8w2rf,2.78935244679451
t3_n8w34n,3.6402639865875246
t3_n8xexv,4.271562576293945
t3_n8xpl2,2.547335296869278
t3_n8xy8b,4.881406784057617
t3_n8ynbm,3.289818406105041
t3_n8zvky,3.892113971710205
t3_n907ie,4.553219604492188
t3_n90qcd,4.886664390563965
t3_n91anw,3.9628937244415283
t3_n94n7d,4.0324400663375854
t3_n94pj7,3.779887100060781
t3_n96y3w,3.81852068901062
t3_n98rfr,3.1804443120956423
t3_n98ult,3.7101055681705475
t3_n99cka,3.7562205314636232
t3_n99yap,3.440527379512787
t3_n9a35d,4.4779181480407715
t3_n9cfz8,3.66668016910553
t3_n9dma6,4.170119380950927
t3_n9dpjh,2.903644001483917
t3_n9ec2y,3.7365379532178244
t3_n9fcu4,3.2928427855173745
t3_n9fs8m,3.886363983154297
t3_n9gau6,4.173339009284973
t3_n9gq6s,4.785970640182495
t3_n9ipv5,4.5840733528137205
t3_n9jgp5,2.260469675064087
t3_n9jro1,3.3339669704437256
t3_n9kqxa,4.621108293533325
t3_n9kt9b,3.764949917793274
t3_n9m4ye,3.153731942176819
t3_n9mw88,3.6771605968475343
t3_n9nleu,4.268658816814423
t3_n9oqlx,2.8295542240142817
t3_n9re8q,4.6410858035087585
t3_n9rgb7,4.463181972503662
t3_n9sf9f,4.25021767616272
t3_n9ubrk,4.1842468738555905
t3_n9v2a5,4.700575971603394
t3_n9vi3h,4.462343970934549
t3_n9vmmx,4.353800535202026
t3_n9w1se,4.89036363363266
t3_n9w5ix,4.343646240234375
t3_n9wkjh,4.874038815498352
t3_n9wqjz,2.4802406231562295
t3_n9wu0x,4.709003448486328
t3_n9wy6m,4.8747406005859375
t3_n9x87t,4.884867548942566
t3_n9y10g,3.8242399215698244
t3_n9yt59,1.8164329677820206
t3_n9za2f,4.7417014837265015
t3_n9zpwh,4.637733364105225
t3_na11z1,4.266144633293152
t3_na25oc,3.029185962677002
t3_na3fgm,4.892357206344604
t3_na4h8f,2.9654098749160767
t3_na4ysf,3.108973443508148
t3_na5eu8,4.886492609977722
t3_na68w3,4.874439358711243
t3_na6o04,3.971752375364304
t3_na6tru,2.4604490280151365
t3_na79dz,3.0439117550849915
t3_naa7vk,4.386067628860474
t3_nadfyt,3.595527648925781
t3_nadi9h,4.84380030632019
t3_naf3re,4.693578799565633
t3_nafdw3,2.8703900575637817
t3_nagohk,4.134768152236939
t3_nah51c,4.888615131378174
t3_nahjdx,4.19005925655365
t3_nansrz,2.1491593718528748
t3_nao2ld,3.358084893226624
t3_nap4tj,4.126737976074219
t3_napzsx,3.954102675120036
t3_naqnwf,3.611035442352295
t3_naqw8s,3.621112823486328
t3_naslg3,4.889571309089661
t3_natgnk,4.099798242251078
t3_navbi2,2.82385927438736
t3_navct2,3.4564267992973328
t3_navypm,2.081668651103974
t3_nawr6f,4.13941798210144
t3_naxdwa,2.9371029138565063
t3_naxey2,4.552995729446411
t3_nay3ib,3.8668736934661867
t3_naztkz,4.131598567962646
t3_nb0tab,4.264202022552491
t3_nb3q03,4.874026119709015
t3_nb532r,3.313485646247864
t3_nb5n7w,3.551184594631195
t3_nb683t,4.0771396398544315
t3_nb6qt3,3.924542284011841
t3_nb76eq,3.7462554454803465
t3_nb7xob,1.7786436577637992
t3_nb93ff,4.696656847000122
t3_nbaexa,4.210736870765686
t3_nbbc8c,3.044947882493337
t3_nbcilr,4.017750561237335
t3_nbecma,4.84790563583374
t3_nbha4w,4.266590416431427
t3_nbi53d,4.742881178855896
t3_nbiu8v,4.569132661819458
t3_nbj9mg,3.8079314708709715
t3_nbluv5,3.994968295097351
t3_nbmb22,3.2881091833114624
t3_nbmnyq,3.4764601389567056
t3_nbn3dc,4.883030096689859
t3_nbnlf6,3.7523133754730225
t3_nbpx4r,3.2063483238220214
t3_nbrrab,2.2353803634643556
t3_nbso6c,3.844563066959381
t3_nbtgyb,3.6382453441619877
t3_nbvaa0,4.873600562413534
t3_nbvq4i,3.506161173184713
t3_nbw9s9,3.8891112407048545
t3_nbxcyz,4.569405126571655
t3_nby5bt,3.166390132904053
t3_nc38hb,3.4338478803634644
t3_nc3b9a,4.881166100502014
t3_nc5cs9,4.496501016616821
t3_nc5suf,4.655860614776612
t3_nc7g7s,3.1154956817626958
t3_nc9dpe,3.830378770828247
t3_nca52k,3.936967551708221
t3_ncbe3m,4.3771764755249025
t3_ncdewp,2.0433128029108047
t3_ncen0b,4.88284010887146
t3_ncf03o,3.55107119679451
t3_nchm8s,4.3507638573646545
t3_nckh9z,4.8221197605133055
t3_nckhk5,3.130358648300171
t3_nckypf,3.67463892698288
t3_nclu94,2.5822248458862305
t3_ncmfpt,4.1002648830413815
t3_ncnb97,3.349990892410278
t3_ncnexd,3.5107142527898154
t3_ncokm4,3.054449955622355
t3_ncppq2,4.725036919116974
t3_ncpzqn,4.5791478753089905
t3_ncrn65,4.204091846942902
t3_ncrtgr,4.890880823135376
t3_ncryey,4.5406676769256595
t3_ncsqf3,4.465376675128937
t3_ncth4a,2.886814904212952
t3_nctt1a,4.3501827120780945
t3_ncvq65,2.8185667395591736
t3_ncwj1e,3.543496322631836
t3_ncxw8v,3.3807823061943054
t3_nd00eq,3.123601049184799
t3_nd0h1a,4.4145543575286865
t3_nd0lmk,3.846955418586731
t3_nd17ww,4.436664501825968
t3_nd23oj,3.5085033575693765
t3_nd4zf2,2.796421480178833
t3_nd5yby,2.822089171409607
t3_nd6svy,3.63102662563324
t3_nd74q9,4.28946533203125
t3_nd7s20,4.25036883354187
t3_nd91pj,3.5136424700419107
t3_nd9iap,4.526097011566162
t3_nda1v6,3.252592158317566
t3_nda1wk,4.485646565755209
t3_ndaahh,3.9107935428619385
t3_ndan5k,3.917559766769409
t3_ndbe41,3.7223112106323244
t3_ndbjoa,3.370149040222168
t3_ndcg3u,3.4465935627619424
t3_nddwa7,4.880164051055909
t3_ndg2sd,4.880289316177368
t3_ndh6ox,3.306773161888122
t3_ndi5t5,4.495563805103302
t3_ndij98,4.610501623153687
t3_ndjnop,4.161665856838226
t3_ndjs2y,4.584767055511475
t3_ndkg9p,4.583785653114319
t3_ndm7o8,4.782996932665506
t3_ndn9sn,3.8435606956481934
t3_ndnk9a,3.1080901622772217
t3_ndo41q,2.241935360431671
t3_ndpbfl,2.1425012052059174
t3_ndqfnf,4.886072635650635
t3_ndr6ab,4.4878382086753845
t3_ndshv8,4.886413633823395
t3_ndsuol,4.879681777954102
t3_ndt6x9,4.787151956558228
t3_ndtdu9,4.781328757603964
t3_nduplf,4.6633812427520756
t3_ndynd5,4.865822219848633
t3_ne05vg,4.886469542980194
t3_ne0a73,3.526797723770142
t3_ne0jij,4.863555431365967
t3_ne0xoy,2.819163978099823
t3_ne17ct,4.771201753616333
t3_ne2qlz,3.8259137868881226
t3_ne4p7y,4.421194553375244
t3_ne5bo2,3.771064341068268
t3_ne5qt8,4.890060305595398
t3_ne76cp,3.736449122428894
t3_ne9mto,4.446350479125977
t3_ne9u3b,1.8193244934082031
t3_nebdbm,3.9130817651748657
t3_necfsq,4.482031385103861
t3_ned33m,4.398491104443869
t3_neeohb,3.754934807618459
t3_nefx9y,3.3951417088508604
t3_negich,3.51495760679245
t3_nei53j,3.91884800195694
t3_neile1,4.2904222806294765
t3_neiy2s,4.005468273162842
t3_nejadh,4.880191946029663
t3_nem05z,3.9365100463231406
t3_nem1r7,4.5568701267242435
t3_nen5as,3.291858077049256
t3_nen97h,3.626028633117676
t3_neo2vr,3.7681336601575217
t3_nespjd,3.356874793767929
t3_nesr78,4.330422258377076
t3_ness8i,3.9857516288757324
t3_netiw5,3.7491389751434325
t3_netmoo,4.276546812057495
t3_nev02u,3.8527978658676147
t3_nevr5p,3.968888223171234
t3_newfsg,2.841427683830261
t3_newmgt,3.7188770174980164
t3_newtad,3.9283367156982423
t3_nexgjq,3.459865140914917
t3_ney2fg,3.398874497413636
t3_nf04dr,4.6053688526153564
t3_nf0gc6,4.890290594100952
t3_nf1dss,4.424550247192383
t3_nf1v00,4.044014990329742
t3_nf2de8,2.7392301678657534
t3_nf38ug,2.8538031578063965
t3_nf3a7q,2.2856587290763857
t3_nf6wfh,2.683476984500885
t3_nf73qg,3.703449010848999
t3_nf7hzu,4.625003480911255
t3_nf7oro,4.61334615945816
t3_nf93i7,4.8827333847681675
t3_nfabcx,2.0688015520572662
t3_nfacjk,3.0122745513916014
t3_nfajw5,2.788715362548828
t3_nfcb4k,4.353912734985352
t3_nfciz6,4.475083947181702
t3_nfe8xl,4.695158660411835
t3_nfewgv,4.292677736282348
t3_nffta9,3.9197593688964845
t3_nfh1k7,4.453267335891724
t3_nfk67r,4.616151213645935
t3_nfkplj,4.440727889537811
t3_nflcy9,4.859943151473999
t3_nfnb0l,3.073579967021942
t3_nfpgct,4.562215050061544
t3_nfpn4r,3.224443276723226
t3_nfqr9m,4.583795428276062
t3_nfs14o,4.892074823379517
t3_nfti6t,4.561398347218832
t3_nfwgyz,2.770292377471924
t3_nfxlop,4.59645422299703
t3_nfxsot,4.51573101679484
t3_nfxzs0,3.4695651054382326
t3_ng06ny,4.8717015266418455
t3_ng1did,3.823694229125977
t3_ng34wq,4.391127395629882
t3_ng4ykv,3.3133001804351805
t3_ng4yog,3.302674078941345
t3_ng7hnw,3.21325478553772
t3_ng7qtl,4.356942057609558
t3_ng8gjb,3.78014874458313
t3_ng91kz,3.086542546749115
t3_ng9z1c,4.109552431106567
t3_nga8ih,4.892123878002167
t3_ngccat,2.2994886487722397
t3_ngddy7,3.1710317134857178
t3_ngeqik,4.556174218654633
t3_ngeyjh,4.88042688369751
t3_nggion,4.396321868896484
t3_nghart,4.219126025835672
t3_nghv16,2.7944146394729614
t3_ngl7p8,3.286609148979187
t3_nglct8,3.5746507167816164
t3_ngljbj,4.496888303756714
t3_ngmewh,4.346960592269897
t3_ngmore,2.4174414038658143
t3_ngmqa7,3.209706974029541
t3_ngnkoo,3.940576672554016
t3_ngnq2j,4.692579746246338
t3_ngopuy,4.333368730545044
t3_ngpod1,4.202784419059753
t3_ngr5w8,2.698163151741028
t3_ngs3dw,3.5710305690765383
t3_ngsl14,4.871020221710205
t3_ngtrdk,2.8414896488189694
t3_nguj7x,4.891297626495361
t3_ngutbn,4.574483823776245
t3_ngwchk,4.076283502578735
t3_ngwspj,3.692038804292679
t3_ngx5wu,2.919844835996628
t3_ngxdse,4.09852796792984
t3_ngxnu8,4.635807657241822
t3_ngyrxk,4.55437536239624
t3_ngysh5,3.492127251625061
t3_ngz31c,4.699921548366547
t3_ngz4yy,4.441271483898163
t3_nh0wyx,4.439191579818726
t3_nh0zcd,3.5118719339370728
t3_nh103c,3.048606216907501
t3_nh1dyp,4.514004278182983
t3_nh1m3q,2.9140538275241847
t3_nh2b2s,3.03985732793808
t3_nh2jdd,4.890173276265463
t3_nh323o,3.189416646957397
t3_nh6cpb,3.6810008764266966
t3_nh7n9x,3.578839647769928
t3_nh87ij,2.7300649642944337
t3_nh9i4r,4.884001684188843
t3_nha2ac,3.352148473262787
t3_nhanfm,3.2096757292747498
t3_nhau1c,4.889094066619872
t3_nhcjn5,3.267428660392761
t3_nhg3gb,2.8827340364456173
t3_nhgmdn,4.5091653823852536
t3_nhi6fi,3.1978699922561646
t3_nhjuyl,4.888273239135742
t3_nhkswx,4.028532886505127
t3_nhlpk5,3.281521886587143
t3_nhng05,4.404764699935913
t3_nho4oj,3.84403932094574
t3_nht5qy,3.390923778216044
t3_nhtn2n,2.102901329596837
t3_nhu70k,3.930072808265686
t3_nhyivh,4.169692516326904
t3_nhzgil,4.880224943161011
t3_ni6qhg,4.549710845947265
t3_niafhy,3.967718076705933
t3_niatt7,3.377685594558716
t3_nidd3u,4.207960069179535
t3_nideaz,4.89122978846232
t3_nijgy1,4.84532470703125
t3_nik0ui,2.37313472032547
t3_nikagl,3.3118438482284547
t3_nikvw7,3.2296105921268463
t3_nimvsz,2.944151222705841
t3_nin842,3.8695687452952066
t3_niqd33,2.336402227481206
t3_nirf1p,4.118406105041505
t3_nishgk,4.465295732021332
t3_nisy3a,3.583611488342285
t3_nit300,2.909518456459045
t3_nit6m4,2.9871569156646727
t3_niu6y1,3.875338411331177
t3_niumoe,4.885696983337402
t3_niuocb,3.483927965164185
t3_nixdx3,2.775446319580078
t3_nixjx9,3.6757858753204347
t3_niytey,4.535034465789795
t3_nizfjw,3.044541656970978
t3_nj0rvh,4.305657625198364
t3_nj73do,2.3622704545656843
t3_nj77xj,2.779705595970154
t3_njaakw,3.470895230770111
t3_njabwh,4.605603218078613
t3_njceew,4.887712001800537
t3_njceps,2.5294347763061524
t3_njeic5,3.7360233465830484
t3_njeokd,2.99626088142395
t3_njfnte,4.281898832321167
t3_njgt1s,4.7185510993003845
t3_njh2dk,3.1202023923397064
t3_njhjaa,4.856242299079895
t3_njhjiw,4.647278070449829
t3_njjzb1,4.021972596645355
t3_njkc73,3.959290087223053
t3_njm6wq,3.3336670994758606
t3_njmptl,4.165361595153809
t3_njo4rv,4.886178493499756
t3_njorxz,3.337790369987488
t3_njpjwx,3.1738184690475464
t3_njpppm,4.735612789789836
t3_njrnxe,4.799840768178305
t3_njs013,4.588791275024414
t3_njszab,3.2530534863471985
t3_njvjws,2.684826046228409
t3_njwq1t,2.0525248527526854
t3_njxaje,4.6694213390350345
t3_njxpao,4.606150817871094
t3_njxqkc,3.6174206256866457
t3_njyhbz,4.395782510439554
t3_njyuw9,3.740641196568807
t3_njznij,4.629361550013224
t3_njzpfb,4.350048446655274
t3_nk0ijz,4.144043882687887
t3_nk0ka0,4.24196203549703
t3_nk1pxf,2.9672303438186645
t3_nk1quu,4.091571712493897
t3_nk26ga,4.158138434092204
t3_nk31ds,4.017721223831177
t3_nk4p3g,3.740064644813537
t3_nk52fj,3.4305726528167724
t3_nk557a,2.6069397926330566
t3_nk5uk9,3.0568835020065306
t3_nk6q6c,3.802670907974244
t3_nka41x,4.230805063247681
t3_nkcczr,4.71459231376648
t3_nkfqg2,4.86504203081131
t3_nkfttw,4.558043527603148
t3_nkjl4y,4.578019142150879
t3_nkkb74,1.967857763171196
t3_nkkmw8,4.805647134780884
t3_nkl3x9,3.0003390073776246
t3_nklcnp,4.3846652905146275
t3_nkn6x8,4.822581577301025
t3_nknrmh,2.769788344701131
t3_nkof8b,4.887279415130616
t3_nkokgu,3.363221913576126
t3_nkpwfy,4.888715219497681
t3_nkqop0,4.741098165512085
t3_nktyy5,3.997727870941162
t3_nkv4pg,4.825670623779297
t3_nkv76g,3.568276119232178
t3_nkyly5,3.096005892753601
t3_nl098l,4.776063394546509
t3_nl0sc6,4.356847763061523
t3_nl0uva,3.191937526067098
t3_nl21u3,3.4599488576253257
t3_nl2tk2,4.223230282465616
t3_nl3hph,4.8834363619486485
t3_nl440h,3.5218480229377747
t3_nl53tl,4.890733599662781
t3_nl54bg,4.452812528610229
t3_nl6b4h,3.352387523651123
t3_nl874c,3.3605774343013763
t3_nla11f,2.581256826718648
t3_nlbyat,4.038749170303345
t3_nlg8uz,4.891313695907593
t3_nli9qd,3.020159649848938
t3_nlis4q,4.19301825761795
t3_nljel9,4.60397344827652
t3_nll367,3.027939558029175
t3_nlnfwa,4.0669684410095215
t3_nlo8rw,2.7985000014305115
t3_nloo49,4.89030259847641
t3_nlp25i,2.6679703692595167
t3_nlprrb,3.6870539665222166
t3_nlrb7l,3.9627528190612797
t3_nlru4f,2.370031088590622
t3_nltpdo,4.1133932828903195
t3_nlumxt,2.613101673126221
t3_nlvun5,4.122765938440958
t3_nlvy0t,4.173107385635376
t3_nlwhim,3.209603023529053
t3_nlwmcd,4.561754107475281
t3_nlzde1,2.176521325111389
t3_nlzkio,4.676413893699646
t3_nlzpsl,4.892215728759766
t3_nlzrl6,3.893367576599121
t3_nm1fw7,2.781268358230591
t3_nm1jia,4.36851441860199
t3_nm1tem,2.8851228058338165
t3_nm4b4e,3.079291194677353
t3_nm4glg,4.888065195083618
t3_nm5vdi,4.5459020137786865
t3_nm8byp,4.738006273905436
t3_nm8vd5,4.2834220727284755
t3_nm9c7b,4.563781261444092
t3_nmaff6,3.3779142697652182
t3_nmekcc,3.3256227374076843
t3_nmemf8,2.8242678940296173
t3_nmfb1x,3.929199894269308
t3_nmh548,2.486511707305908
t3_nmhxis,4.422868450482687
t3_nmj13o,2.963552236557007
t3_nmj4mx,4.55308051109314
t3_nml0td,2.955378746986389
t3_nmmdxk,4.506137466430664
t3_nmnnpe,2.6852217316627502
t3_nmp1tp,3.757559061050415
t3_nmpvtx,4.262197971343994
t3_nmq2va,4.8843589425086975
t3_nmriwm,3.727734375
t3_nmsegf,4.439136505126953
t3_nmt7h5,4.1160666942596436
t3_nmtmlh,3.354174315929413
t3_nmurfi,4.884718298912048
t3_nmwlmf,4.714290046691895
t3_nmy838,3.798691749572754
t3_nmyvjv,3.175048518180847
t3_nmzmh2,2.7961297035217285
t3_nn0647,3.6658820867538453
t3_nn2clt,2.1398855596780777
t3_nn48za,4.888249556223551
t3_nn4ft5,3.705165425936381
t3_nn502z,4.363596487045288
t3_nn5g4y,4.440633972485861
t3_nn5tz8,4.852860307693481
t3_nn65wu,4.754367709159851
t3_nn6jqz,3.833262395858765
t3_nn95zg,4.36611807346344
t3_nn9b2z,4.0150588899850845
t3_nn9d4a,4.018222355842591
t3_nnb7n7,3.891762399673462
t3_nnbf88,4.514722585678101
t3_nnchb2,2.4010894656181336
t3_nndrt9,2.4124972075223923
t3_nne521,2.8050098419189453
t3_nneck9,4.880698601404825
t3_nnf2s5,3.190393388271332
t3_nnietv,3.841220998764038
t3_nnioh8,4.889358123143515
t3_nniqyd,4.89167312781016
t3_nnitt6,4.128004026412964
t3_nnksv8,2.9014573335647587
t3_nnl2ex,2.671887826919556
t3_nnmmvz,3.146130591630936
t3_nnr1o7,3.9703015089035034
t3_nnrwyj,4.5993105967839565
t3_nnumxr,3.4604731798172
t3_nnuo18,4.43028416633606
t3_nnvoc8,3.264433479309082
t3_nnwn3e,2.7855353593826293
t3_nnwzwc,3.569202740987142
t3_nnxqfd,4.891716420650482
t3_nny8dp,2.9120166301727295
t3_nnyp1m,4.050190877914429
t3_nnz7nm,4.565582811832428
t3_no0dr0,3.279591178894043
t3_no0siy,3.078187584877014
t3_no1htn,3.8472777009010315
t3_no1xdc,4.620921730995178
t3_no1xrz,4.88693780899048
t3_no3lb3,4.8204545974731445
t3_no3tct,3.9924644231796265
t3_no4wlb,3.9305148124694824
t3_no52k0,4.359518718719483
t3_no7x4f,3.1773771047592163
t3_no84tc,3.713147020339966
t3_no94wz,4.88758397102356
t3_nob38t,3.508043805758158
t3_nockdv,4.550635576248169
t3_nocmdz,3.273800392945608
t3_nod25r,4.646146257718404
t3_nodx30,3.3841171741485594
t3_noez6h,1.9334906816482544
t3_nogj6d,4.719182312488556
t3_noh6z4,3.571292608976364
t3_nohlmn,2.7105181962251663
t3_nojmhe,4.864634692668915
t3_nok7hj,3.914957135915756
t3_nokkns,4.3210530281066895
t3_nomiiu,2.8302111625671387
t3_nonues,2.302996575832367
t3_noo96b,4.8906569480896
t3_nop3h9,4.134401003519693
t3_nopam3,4.279332971572876
t3_nopdol,3.804538607597351
t3_noqce0,4.28303305308024
t3_nordlf,3.642781209945679
t3_noset4,3.6806734800338745
t3_nosjwx,2.8338328897953033
t3_novfcd,2.63464758793513
t3_novkso,2.3261905511220293
t3_noxslz,3.5835179805755617
t3_noxvlu,4.192740440368652
t3_noxy3p,4.492168267567953
t3_noyy6e,4.490284442901611
t3_nozqov,4.292046070098877
t3_nozrho,3.2888415813446046
t3_np23bb,4.844464659690857
t3_np36cn,4.399664123853048
t3_np41ys,4.856840014457703
t3_np4hys,3.379326105117798
t3_np4u94,2.5461071878671646
t3_np97uv,4.496459186077118
t3_npa99i,3.557532322406769
t3_npawfl,2.912066388130188
t3_npcd6d,4.834336376190185
t3_npetek,2.944208765029907
t3_npf75y,3.1659709453582763
t3_npfan5,4.838067102432251
t3_npg62d,2.7837974429130554
